{
  "version": "1.0",
  "units": "world_colmap_units",
  "alignment": {
    "frame": "aligned_world",
    "source": "prealigned_xyz"
  },
  "scale": {
    "method": "aruco_triangulated_corners_colmap_poses",
    "meters_per_colmap_unit": 0.19070007567068362,
    "aruco_dict": "DICT_4X4_50",
    "marker_id": 22,
    "marker_size_m": 0.096,
    "measured_edge_colmap": 0.5034082952625037,
    "reproj_thresh_px": 3.0,
    "min_views": 3,
    "num_detections": 12,
    "corner_diags": [
      {
        "ok": true,
        "num_views": 12,
        "median_err_px": 0.5855000110944862,
        "max_err_px": 1.1503072035764843
      },
      {
        "ok": true,
        "num_views": 12,
        "median_err_px": 1.0083774259755585,
        "max_err_px": 1.7317283352385988
      },
      {
        "ok": true,
        "num_views": 12,
        "median_err_px": 0.7086118987076423,
        "max_err_px": 2.3299016095677887
      },
      {
        "ok": true,
        "num_views": 12,
        "median_err_px": 0.9193598632638537,
        "max_err_px": 1.8275369920158346
      }
    ],
    "diag_ratio": 1.0001471935798771
  },
  "frame": {
    "up": [
      0,
      1,
      0
    ],
    "origin": "floor"
  },
  "footprint": {
    "polygon_xz": [
      [
        -0.4710473107145838,
        -2.0955196650549026
      ],
      [
        1.4907315850987095,
        1.0735077820281098
      ],
      [
        0.4343891027377053,
        1.6771320576629694
      ],
      [
        0.13257696492027563,
        1.2998668853911817
      ],
      [
        -0.4710473107145838,
        1.4507729542998968
      ],
      [
        -0.5465003451689414,
        0.7716956442106802
      ],
      [
        -0.8483124829863709,
        0.620789575301965
      ],
      [
        -0.9237655174407283,
        0.24352440303017772
      ],
      [
        -1.376483724166873,
        0.09261833412146289
      ],
      [
        -1.75374889643866,
        -0.6619120104221113
      ],
      [
        -1.75374889643866,
        -0.963724148239541
      ],
      [
        -0.9992185518950859,
        -1.1146302171482558
      ],
      [
        -1.0746715863494434,
        -1.491895389420043
      ]
    ],
    "wall_segments_xz": [
      [
        [
          -0.4710473107145838,
          -2.0955196650549026
        ],
        [
          1.4907315850987095,
          1.0735077820281098
        ]
      ],
      [
        [
          1.4907315850987095,
          1.0735077820281098
        ],
        [
          0.4343891027377053,
          1.6771320576629694
        ]
      ],
      [
        [
          0.4343891027377053,
          1.6771320576629694
        ],
        [
          0.13257696492027563,
          1.2998668853911817
        ]
      ],
      [
        [
          0.13257696492027563,
          1.2998668853911817
        ],
        [
          -0.4710473107145838,
          1.4507729542998968
        ]
      ],
      [
        [
          -0.4710473107145838,
          1.4507729542998968
        ],
        [
          -0.5465003451689414,
          0.7716956442106802
        ]
      ],
      [
        [
          -0.5465003451689414,
          0.7716956442106802
        ],
        [
          -0.8483124829863709,
          0.620789575301965
        ]
      ],
      [
        [
          -0.8483124829863709,
          0.620789575301965
        ],
        [
          -0.9237655174407283,
          0.24352440303017772
        ]
      ],
      [
        [
          -0.9237655174407283,
          0.24352440303017772
        ],
        [
          -1.376483724166873,
          0.09261833412146289
        ]
      ],
      [
        [
          -1.376483724166873,
          0.09261833412146289
        ],
        [
          -1.75374889643866,
          -0.6619120104221113
        ]
      ],
      [
        [
          -1.75374889643866,
          -0.6619120104221113
        ],
        [
          -1.75374889643866,
          -0.963724148239541
        ]
      ],
      [
        [
          -1.75374889643866,
          -0.963724148239541
        ],
        [
          -0.9992185518950859,
          -1.1146302171482558
        ]
      ],
      [
        [
          -0.9992185518950859,
          -1.1146302171482558
        ],
        [
          -1.0746715863494434,
          -1.491895389420043
        ]
      ],
      [
        [
          -1.0746715863494434,
          -1.491895389420043
        ],
        [
          -0.4710473107145838,
          -2.0955196650549026
        ]
      ]
    ]
  },
  "planes": [
    {
      "id": "floor",
      "type": "floor",
      "normal": [
        0.0,
        1.0,
        0.0
      ],
      "point": [
        0.0,
        0.0,
        0.0
      ]
    },
    {
      "id": "wall_1",
      "type": "wall",
      "normal": [
        0.8502651466878618,
        0.0,
        -0.5263546146162954
      ],
      "point": [
        -2.470095038284235,
        0.0,
        -10.98856231537955
      ]
    },
    {
      "id": "wall_2",
      "type": "wall",
      "normal": [
        0.49613893835683376,
        -0.0,
        0.8682431421244593
      ],
      "point": [
        7.817152561979189,
        0.0,
        5.629299192738289
      ]
    },
    {
      "id": "wall_3",
      "type": "wall",
      "normal": [
        -0.7808688094430307,
        0.0,
        0.6246950475544237
      ],
      "point": [
        2.277865392606575,
        0.0,
        8.794606146665496
      ]
    },
    {
      "id": "wall_4",
      "type": "wall",
      "normal": [
        0.2425356250363335,
        -0.0,
        0.9701425001453318
      ],
      "point": [
        0.6952119156429717,
        0.0,
        6.816289300460989
      ]
    },
    {
      "id": "wall_5",
      "type": "wall",
      "normal": [
        -0.9938837346736189,
        0.0,
        0.11043152607484681
      ],
      "point": [
        -2.470095038284235,
        0.0,
        7.607616038942792
      ]
    },
    {
      "id": "wall_6",
      "type": "wall",
      "normal": [
        -0.4472135954999589,
        0.0,
        0.8944271909999154
      ],
      "point": [
        -2.8657584075251368,
        0.0,
        4.046645715774686
      ]
    },
    {
      "id": "wall_7",
      "type": "wall",
      "normal": [
        -0.9805806756909202,
        0.0,
        0.19611613513818396
      ],
      "point": [
        -4.448411884488739,
        0.0,
        3.255318977292882
      ]
    },
    {
      "id": "wall_8",
      "type": "wall",
      "normal": [
        -0.31622776601683783,
        0.0,
        0.9486832980505139
      ],
      "point": [
        -4.84407525372964,
        0.0,
        1.277002131088377
      ]
    },
    {
      "id": "wall_9",
      "type": "wall",
      "normal": [
        -0.894427190999916,
        0.0,
        0.447213595499958
      ],
      "point": [
        -7.218055469175046,
        0.0,
        0.48567539260657533
      ]
    },
    {
      "id": "wall_10",
      "type": "wall",
      "normal": [
        -1.0,
        0.0,
        0.0
      ],
      "point": [
        -9.19637231537955,
        0.0,
        -3.470958299802433
      ]
    },
    {
      "id": "wall_11",
      "type": "wall",
      "normal": [
        -0.19611613513818404,
        0.0,
        -0.9805806756909202
      ],
      "point": [
        -9.19637231537955,
        0.0,
        -5.0536117767660365
      ]
    },
    {
      "id": "wall_12",
      "type": "wall",
      "normal": [
        -0.9805806756909202,
        0.0,
        0.19611613513818396
      ],
      "point": [
        -5.239738622970542,
        0.0,
        -5.844938515247838
      ]
    },
    {
      "id": "wall_13",
      "type": "wall",
      "normal": [
        -0.7071067811865475,
        0.0,
        -0.7071067811865477
      ],
      "point": [
        -5.635401992211443,
        0.0,
        -7.823255361452343
      ]
    }
  ],
  "objects": [
    {
      "id": "toilet_1",
      "type": "toilet",