{
  "generated_at": "2025-11-23T12:40:17.048964",
  "reference_marker_id": 17,
  "marker_ids_seen": [
    17,
    26,
    27,
    31
  ],
  "marker_ids_localised": [
    17,
    26,
    27,
    31
  ],
  "marker_ids_unresolved": [],
  "markers_world": {
    "17": {
      "position": [
        0.0,
        0.0,
        0.0
      ],
      "x_axis": [
        1.0,
        0.0,
        0.0
      ],
      "y_axis": [
        0.0,
        1.0,
        0.0
      ],
      "z_axis": [
        0.0,
        0.0,
        1.0
      ],
      "normal": [
        0.0,
        0.0,
        1.0
      ]
    },
    "31": {
      "position": [
        -0.5502474965588854,
        -0.2113316741611563,
        -0.2723833099906925
      ],
      "x_axis": [
        -0.6698690514649599,
        0.7003676206696546,
        0.2464967541509657
      ],
      "y_axis": [
        -0.3558811463939964,
        -0.5851291338020247,
        0.7286786029638769
      ],
      "z_axis": [
        0.6744769597500627,
        0.39882837252872994,
        0.6213024706472661
      ],
      "normal": [
        0.6744769597500627,
        0.39882837252872994,
        0.6213024706472661
      ]
    },
    "26": {
      "position": [
        0.6572981800331646,
        0.10566294714095471,
        -0.004152515873660634
      ],
      "x_axis": [
        0.9197619929393882,
        0.21078231040977283,
        -0.3310720374215905
      ],
      "y_axis": [
        0.23198917317959455,
        0.8364023951736491,
        -0.4966005002768633
      ],
      "z_axis": [
        0.13529418964760204,
        0.34449501734746474,
        0.9289879790774307
      ],
      "normal": [
        0.13529418964760204,
        0.34449501734746474,
        0.9289879790774307
      ]
    },
    "27": {
      "position": [
        0.06782932336197092,
        0.824881117319682,
        -0.06735006496643109
      ],
      "x_axis": [
        0.36861666160818285,
        -0.9256307222295823,
        -0.08561263253504241
      ],
      "y_axis": [
        0.920160523049092,
        0.3501644127106744,
        0.17518417706234163
      ],
      "z_axis": [
        -0.13212116863415943,
        -0.1433727614986586,
        0.9808099959008334
      ],
      "normal": [
        -0.13212116863415943,
        -0.1433727614986586,
        0.9808099959008334
      ]
    }
  },
  "room_box_from_markers_m": {
    "min": [
      -0.5502474965588854,
      -0.2113316741611563,
      -0.2723833099906925
    ],
    "max": [
      0.6572981800331646,
      0.824881117319682,
      0.0
    ],
    "size": [
      1.20754567659205,
      1.0362127914808383,
      0.2723833099906925
    ]
  },
  "trajectory_stats": {
    "num_poses": 1164,
    "x_stats": {
      "min": -1.8617274082107793,
      "max": 1.4973086125087556,
      "span": 3.359036020719535,
      "mean": -0.9189235754946419,
      "std": 0.3833269426028056
    },
    "y_stats": {
      "min": -3.532886901274418,
      "max": 4.236624538973244,
      "span": 7.769511440247662,
      "mean": 2.615167565262058,
      "std": 1.035198192769815
    },
    "z_stats": {
      "min": -0.0199421165495573,
      "max": 5.423554948392701,
      "span": 5.443497064942258,
      "mean": 2.24166017054397,
      "std": 0.562959960396796
    },
    "approx_room_box_m": {
      "width_x": 3.359036020719535,
      "depth_z": 5.443497064942258,
      "cam_height_mean": 2.615167565262058
    },
    "generated_at": "2025-11-23T12:40:17.044995"
  },
  "camera_trajectory": {
    "num_poses": 1164,
    "path_npy": "camera_trajectory.npy"
  }
}